[
  {
    "signatures": [
      {
        "signature": "sha256:3f11dceeb31e9f5f5c2cd61db765d25d53b508bde34e18b9e41d5776e6b58699",
        "filename": "railcraft-12.1.0-beta-8-technic2.jar"
      },
      {
        "signature": "sha256:06e2357019f4e0836bfb9202af013adc125252f610b198a7a547d4596d2934c0",
        "filename": "EnderStorage-1.12.2-2.4.6.137-universal.jar"
      },
      {
        "signature": "sha256:9745ca8e019d2ffe2886438215f08e8eaa916c53698ee54dff2abe00c50af9d6",
        "filename": "ProjectE-1.12.2-PE1.4.4-technic.jar"
      },
      {
        "signature": "sha256:311e1078919c264b7c0437fcb9e045844092edd88b6e091fa718addb73f1c945",
        "filename": "HadEnoughItems_1.12.2-4.24.0.jar"
      },
      {
        "signature": "sha256:5d7fdda78778b508014aaece4200b7d8ec9f23a0164cf15265f9bb8303726924",
        "filename": "Backups-1.12.2-1.5.7.jar"
      },
      {
        "signature": "sha256:5b86ca32848d582af5cff579b697089f88b7722a5ce431d42568e926f0796b09",
        "filename": "justenoughdrags-1.4-beta.1.jar"
      },
      {
        "signature": "sha256:29aa1b312d33b73a2923236cf15ec31c7e9c7c07c7e3ec2f2c996745fc6fe6a6",
        "filename": "ASMC-1.12.2-1.0.2.jar"
      },
      {
        "signature": "sha256:3b2c7647668d42d6a488d03c7cf77941662494ea24d6cc806f6a15053ccd4628",
        "filename": "AttributeFix-1.12.2-1.0.4.jar"
      },
      {
        "signature": "sha256:49dcf83ef78836c3bff49125cabb2279fe84e878646b75dc4e8baf52e06dbc71",
        "filename": "gravisuit-1.0.8.5.jar"
      },
      {
        "signature": "sha256:f66add4cc170c116a76d81f303681c5b7cc110d1871350c58daf9262e1a7a0af",
        "filename": "savemystronghold-1.12.2-1.0.0.jar"
      },
      {
        "signature": "sha256:f44ffe25a0c835571da284a03a8fb0700ac54d6d303f894c0674f66ef86c5015",
        "filename": "ExperienceBugFix-1.12.2-1.0.0.0.jar"
      },
      {
        "signature": "sha256:9d95540c7d5cbd45ad3deab027b1f44e300f123d615c3e3e1ccd9d3843c6d38b",
        "filename": "zettaindustries-1.3-1.12.2-161.jar"
      },
      {
        "signature": "sha256:524f1734869765f15185ced926bea0c46f133b0e22342bcb736b7a2da2f673f0",
        "filename": "fairylights-2.2.0-1.12.2.jar"
      },
      {
        "signature": "sha256:62f85e3bd9ec41a6afb81a0ce1798e439fb3d2e293b9e6d3fee72dd32d5cac48",
        "filename": "DupeFixProject-1.12.2-3.1.6.jar"
      },
      {
        "signature": "sha256:31571a6c01b9fd8daf481fa2f22615bbc99335c21f5e474a5607ea149bf2b9aa",
        "filename": "RebornCore-1.12.2-3.19.5-universal.jar"
      },
      {
        "signature": "sha256:5c01056f1177ec5ec0bba1c73e7b5701777db6635ee80bc05fd05d91069aade3",
        "filename": "Charset-StorageBarrels-0.5.6.6.jar"
      },
      {
        "signature": "sha256:d8610a94da8f30815db4612b3291ecdcfd8204eaf1a4db8c5d0663c7b1191d91",
        "filename": "AutoRegLib-1.3-32.jar"
      },
      {
        "signature": "sha256:2c92d2ceccf1d9f68aa5764322cd7dec675c57044c7d6f65897405958b5b0bac",
        "filename": "Computronics-1.12.2-1.6.7-railcraft-beta-8.jar"
      },
      {
        "signature": "sha256:9832434da3bda468457a5c6df08b41189cec9abc0117b1077e7dad27ad24cb21",
        "filename": "Tekkit2Content-1.12.2-1.0.0.jar"
      },
      {
        "signature": "sha256:1904c32a8e0077e005bfefe005c26834c2df09881bc075a7deadce8da97fb457",
        "filename": "Morpheus-1.12.2-3.5.106.jar"
      },
      {
        "signature": "sha256:84ac74ed254fcc2c7c9d1a9702d636a2c825a8825af7fe2db79f31bfe0cf8849",
        "filename": "Netherending-Ores-1.12.2-1.4.2.jar"
      },
      {
        "signature": "sha256:5f8499f7ee2590e45110bbf296b2bf101aec15897e28d5e9759cf8f2387d8a74",
        "filename": "CodeChickenLib-1.12.2-3.2.3.358-universal.jar"
      },
      {
        "signature": "sha256:25718bd80799a608c45299d13d86e5d67248f07a3c00657c690948b1821835ce",
        "filename": "ForgeMultipart-1.12.2-2.6.2.83-universal.jar"
      },
      {
        "signature": "sha256:df8b6999b59cacd90a94fa1eff5da0cdf0b5d3a3c72c0a9e6b50c12836950de9",
        "filename": "StevesCarts-1.12.2-2.4.32.137.jar"
      },
      {
        "signature": "sha256:fea7c9084d1974b3d539c1693579ab07614b4bcc5a8bc6cb4a1d3c855e963cc8",
        "filename": "Charset-Lib-0.5.6.6.jar"
      },
      {
        "signature": "sha256:2e65e880be07a2cac3784490f93ddcba241160dbeb5191716f0e26b44b9d89d0",
        "filename": "tesla-core-lib-1.12.2-1.0.18.jar"
      },
      {
        "signature": "sha256:f32537175f89ddc9890550a158a910e746cac2848db8f6f123865bd4a8a425fb",
        "filename": "cc-tweaked-1.12.2-1.89.2.jar"
      },
      {
        "signature": "sha256:028dec6bc1fcac3b56c8d2bffde07f6ee7f661259be937a703fb7df7031fd0f4",
        "filename": "CraftTweaker2-1.12-4.1.20.681.jar"
      },
      {
        "signature": "sha256:9293907825d431db479afd87fcc70b5d09b672231c2f66db2f41e74de02e4891",
        "filename": "mysticallib-1.12.2-1.13.0.jar"
      },
      {
        "signature": "sha256:e9a8d22825b0741025ba5912f4f100d85cfa24d1e4bece7b8a358e159598ba4c",
        "filename": "AdditionalBanners-1.12.2-1.1.77.jar"
      },
      {
        "signature": "sha256:acab64c27b3411fceecefa51677807faced28b53a3d688ed32e8e9c66f1a9a14",
        "filename": "IC2Classic-1.12-1.5.6.1.jar"
      },
      {
        "signature": "sha256:4bbd37edecff0b420ab0eea166b5d7b4b41a9870bfb8647bf243140dc57f101e",
        "filename": "AppleSkin-mc1.12-1.0.14.jar"
      },
      {
        "signature": "sha256:ccfcad80ef73ab815875a91979128ed58c262c479c7c0e5da65b225954bee197",
        "filename": "Forgelin-1.8.4.jar"
      },
      {
        "signature": "sha256:cd3fbf85d7ca744507fd6a37a41b90122d43e616a4f8962332b1b658655e8a64",
        "filename": "forge-1.12.2-14.23.5.2860.jar"
      },
      {
        "signature": "sha256:07c6c95eddf0f6f3d15339f373da51a638716c3cbe69f93da5586f7957e3c22a",
        "filename": "jeibees-0.9.0.5-mc1.12.2.jar"
      },
      {
        "signature": "sha256:5efd826e2bc2bc854f271b5e0f5cfd04e17f23abb6fbcf2fb9d03acd36a0c172",
        "filename": "statues-rechiseled-1.12.2-1.0.1.jar"
      },
      {
        "signature": "sha256:0e898fd47467dae2eb978ee0e93cbabf007198c9b431667aee3442f6a2dbe24b",
        "filename": "SC-IC2C-Compat-1.0.0.jar"
      },
      {
        "signature": "sha256:175bd7e1d455d93d7f3b9d3edbcab823c653f386cd9b46e319afe8c786bc1c4f",
        "filename": "additionalpipes-6.0.0.8.jar"
      },
      {
        "signature": "sha256:d466a5d574a5a3311b6c8572edcf72ce87881fb6296dce1d2d07d1649abc5205",
        "filename": "forestry_1.12.2-5.8.2.422.jar"
      },
      {
        "signature": "sha256:b0c939bbbada43ecbdd10f91deaa27556e552770b967a00459bdf43da0797820",
        "filename": "packcrashinfo-1.0.1.jar"
      },
      {
        "signature": "sha256:6a021aa8bf091d82781deb3b4ecc272d6fd29d02962c2eb48a6c3a739332dde8",
        "filename": "NoMoreRecipeConflict-0.13(1.12.2).jar"
      },
      {
        "signature": "sha256:4edda1cb9a1eb9240b7c9087dfc0347b0f75c29f7239299991b27324524b167f",
        "filename": "AkashicTome-1.2-12.jar"
      },
      {
        "signature": "sha256:c6d836b4d14223999afcd9df143076a5a709ff2009d6604382c346d1a258284b",
        "filename": "randompatches-1.12.2-1.22.1.10.jar"
      },
      {
        "signature": "sha256:8d32440f90dd53f59352a3f3acc75b56f0a372c03b7893f205593b9b99af47f5",
        "filename": "EnergyControl-1.12.2-0.3.1.jar"
      },
      {
        "signature": "sha256:49ea3d2eebd4c8743f3f679c324dd41b919f13284574156c5b17e68451bc1ddc",
        "filename": "Quark-r1.6-180.jar"
      },
      {
        "signature": "sha256:003421fa15bc84733343ad26f8bd9387bbd110df6c7ff860cae87ec11f85399d",
        "filename": "UniDict-1.12.2-3.0.10.jar"
      },
      {
        "signature": "sha256:e9ddecd4920ee9a57e11e4b43fb1dd395bbf37e276be726a99a2590272304124",
        "filename": "Hwyla-1.8.26-B41_1.12.2.jar"
      },
      {
        "signature": "sha256:5913c6c43197e8c8e244652a3c6f1cf1545c48947dfdf0faca18c5e5d5acbb4d",
        "filename": "Galacticraft-1.12.2-4.0.4-official.jar"
      },
      {
        "signature": "sha256:597c21ab6f0d701ec2d7d9e6abdd9e4e3d949af1a9635ef018cef7df4c126e57",
        "filename": "KleeSlabs_1.12.2-5.4.12.jar"
      },
      {
        "signature": "sha256:ef2fdcb59f9a766ee5c3c4c514c78f0a9e35b3d6bf02c17051b7dd4e94efdf7a",
        "filename": "InventoryTweaks-1.63.jar"
      },
      {
        "signature": "sha256:95b308516152c3baed15bf79468d2b6fe4ab315aa008e468335052d9965de564",
        "filename": "EntityDesyncFix-1.12.2-1.0.2.jar"
      },
      {
        "signature": "sha256:c2110db8b8abec23d9e2e9c4a89be010f6fe1150d52595397179c8804d942ee3",
        "filename": "Placebo-1.12.2-1.6.0.jar"
      },
      {
        "signature": "sha256:2c1b5d5f2b328ddf20f415c316c5bc9caf0d163e036be071d8ee6ef6b410b7ba",
        "filename": "CraftingTableIV-1.12.2-1.5.123.jar"
      },
      {
        "signature": "sha256:a8305c42e29f43abbad906c3c91c36ed0a1a6f949ff2bff9eec66499fb57f36e",
        "filename": "WR-CBE-1.12.2-2.3.2.33-universal.jar"
      },
      {
        "signature": "sha256:6130bd064d4aa1158308d699f370b5586447d026e2f559dfe14aa7df76cd6203",
        "filename": "GunpowderLib-1.12.2-1.1.jar"
      },
      {
        "signature": "sha256:f335aa8a49f53123a7156a2e1a9c4a14996b289abb138211d2b634bb12ed1e37",
        "filename": "ViewEMC-1.12.2-v8.jar"
      },
      {
        "signature": "sha256:a1101ec8a6fa635670093b0fc511700c76650922a3f422d52902f556e6268c36",
        "filename": "playerplates-1.12.2-1.3.1.1.jar"
      },
      {
        "signature": "sha256:0b086aced1beca90ed5bb25fe6951a4d191d9b49f221af1074d1f9ff4f364b74",
        "filename": "chiselsandbits-14.33.jar"
      },
      {
        "signature": "sha256:8b6e1aa820d7d02571aeae818b4ab9aa2d78e0d3b277d7be6df53e3153ae9ea7",
        "filename": "industrialforegoing-1.12.2-1.12.13-237.jar"
      },
      {
        "signature": "sha256:cefd1124b24f8346de78f3f3722ab5c97c2a78f1b7cf59f465988c786be3b022",
        "filename": "loliasm-5.6.jar"
      },
      {
        "signature": "sha256:82652f00e513c61c99a791abf2cbc10fdfb0e3a79e4eb02b305cccbc2d2f0087",
        "filename": "MrTJPCore-1.12.2-2.1.4.43-universal.jar"
      },
      {
        "signature": "sha256:7091691c3e86d77fedf9c4c4f7953642a46960696729b8e836a1116c72c24977",
        "filename": "Reforged-0.7.8-1.12+.jar"
      },
      {
        "signature": "sha256:62f85e3bd9ec41a6afb81a0ce1798e439fb3d2e293b9e6d3fee72dd32d5cac48",
        "filename": "DupeFixProject-1.12.2-3.1.6.jar"
      },
      {
        "signature": "sha256:df882cf3eb14627678d4c32aa62dd7ceec9840f6c8d2adb4260dc4b80a3241c2",
        "filename": "ElecCore-1.12.2-1.9.453.jar"
      },
      {
        "signature": "sha256:def6e04f8ecb9b506447dc52ec0aa8e310c02463caaeb7f73955b612af59c252",
        "filename": "MmmMmmMmmMmm-1.12-1.14.jar"
      },
      {
        "signature": "sha256:64c62f20a89939db2c03d47737c7bd371d8bd8c10ae42e2e8c63432ae89db2c7",
        "filename": "Chisel-MC1.12.2-1.0.2.45.jar"
      },
      {
        "signature": "sha256:94cc1c05725d81270aee57a3fcce58b726603c272a8d1ad527bbe1379aa85361",
        "filename": "plethora-1.12.2-1.2.3.jar"
      },
      {
        "signature": "sha256:21f11a527c49ed04b09003f25c7631fb5978158e480edad0d60f60c6cf27ad3c",
        "filename": "Charset-Immersion-0.5.6.0.jar"
      },
      {
        "signature": "sha256:c8b0e0ae0cd52e8217185e8e6e603d37c95158d9e3701c1dae7bb927cee6b4ec",
        "filename": "buildcraft-all-7.99.24.8.jar"
      },
      {
        "signature": "sha256:4a425e1d8d8764c186c7e26b91abac21d174ed910dab1050c708362c5437e5a0",
        "filename": "advancedsolars-1.0.8.jar"
      },
      {
        "signature": "sha256:6b763b939c4a8517ac7fbb2a3cc7267d67e25823b60cf4231443eca3bb681c2e",
        "filename": "ProjectRed-1.12.2-4.9.4.120-world.jar"
      },
      {
        "signature": "sha256:5d728ac507ec117294eea2a663e0935d75675503e1a7f71fe9aeacb772ea111b",
        "filename": "MFFS-1.12.2-4.0.1.3.jar"
      },
      {
        "signature": "sha256:b76950b93358a9273fab35d9a3e57d81257527a04a38dcb2c9cd1485c5fa987d",
        "filename": "lemonlib-1.12.2-1.3.0.jar"
      },
      {
        "signature": "sha256:db86c2c728c148ff20e4349fa18767853326ec78e6581afb0c38954fe2abf42a",
        "filename": "FastWorkbench-1.12.2-1.7.4.jar"
      },
      {
        "signature": "sha256:4c4b6ffbd7fbced37afefea3def1a08e44ed5e4c427c001afc870a8d1dbc9c43",
        "filename": "colorchat-1.12.1-2.0.43-universal.jar"
      },
      {
        "signature": "sha256:9bd2527323564c66ac66e69c5b05384af24e9d9ce43d7d1f721094d2f4e392d8",
        "filename": "Born In A Barn V1.8-1.12-1.1.jar"
      },
      {
        "signature": "sha256:58017f9e3aff1e7f3079cf17f502c62029a10b994fafbce444f4d8403051e4f0",
        "filename": "phosphor-1.12.2-0.2.9.2-SNAPSHOT-universal.jar"
      },
      {
        "signature": "sha256:f527ba59d8ab56d936b7edcd9ef0f42232dac436864603a016b83bfbb53c2384",
        "filename": "Translocators-1.12.2-2.5.2.81-universal.jar"
      },
      {
        "signature": "sha256:65d3a196ff8ca2a1caf119e28ebfb37d0157730d97c9acc0c7e2601f5edbe244",
        "filename": "ProjectRed-1.12.2-4.9.4.120-lighting.jar"
      },
      {
        "signature": "sha256:3ad398077ab0e558af1690050ebf8943d5289571ac8ef0e1e14fbf8989e1fdd2",
        "filename": "SpaceAmbient-1.12.2-0.0.1.jar"
      },
      {
        "signature": "sha256:7f2642cdc85c32ec754914e77f5bad11976c7c9c51d296e0ae4a8428d01153e8",
        "filename": "Schematica-1.12.2-1.8.0.169-universal.jar"
      },
      {
        "signature": "sha256:ff78f5ac00574912d60022b4a4208cc00f9d4fccfa444efcea38cf1cbb76bcce",
        "filename": "tumbleweed-1.12-0.4.7.jar"
      },
      {
        "signature": "sha256:f10cd57075690ecbe52094f8af0d2a5af12f89c82b7c6eb73d3d090d74206ea0",
        "filename": "CoFHWorld-1.12.2-1.4.0.1-universal.jar"
      },
      {
        "signature": "sha256:0ff1b538040aaa128b66238cdf6cb2a3eb9a5dbc88170103eb48e86d8a567640",
        "filename": "DamageTilt-1.12.2-0.1.0.jar"
      },
      {
        "signature": "sha256:bd4f556b7e5480687dbc09735dca05a1ceb3622dc93422adb5dab4f68cc9f2d1",
        "filename": "NaturesCompass-1.12.2-1.8.5.jar"
      },
      {
        "signature": "sha256:1d4841af1f9988651f8174f0b1e90b5d8effa86f41490c987348f9e57527b01b",
        "filename": "jepb-1.12-1.2.1.jar"
      },
      {
        "signature": "sha256:0b6e030d17101ef2d6bc2779a167041d26d80e70b69f207f8c2148f380d0258b",
        "filename": "JonsExclusives-MC1.12.2-v1.1.2.jar"
      },
      {
        "signature": "sha256:3e2f19faf3f9f19d5835a7e368d2bf855ca3d1ee82575a48182b3746d214cad8",
        "filename": "ProjectRed-1.12.2-4.9.4.120-mechanical.jar"
      },
      {
        "signature": "sha256:0b22434a8f5255f25fd1008e4c1faf90db3fc6999d14fb561382d11a47e998c9",
        "filename": "diethopper-1.1.jar"
      },
      {
        "signature": "sha256:2b64a900a30d12c55c48f295097327eab5547fa3e7dccdce0f929ecdee25d038",
        "filename": "blockcraftery-1.12.2-1.3.1.jar"
      },
      {
        "signature": "sha256:29d3a4115d67b83eb542b618eb64db40db23a7f009a0f4dc9a396101d6f8491f",
        "filename": "ironchest-1.12.2-7.0.72.847.jar"
      },
      {
        "signature": "sha256:f38ee79126f39002555e904b9baa7f963c4e3f96a734227c3f0fd5f980b42896",
        "filename": "IntegrationForegoing-1.12.2-1.11.jar"
      },
      {
        "signature": "sha256:e13f0c13fc92f1bf8c115e492c6adff2a15a328758e3685390d2405c7f077c47",
        "filename": "irontanks-1.12.2-2.1.0-beta.18.jar"
      },
      {
        "signature": "sha256:448e4ea316f9ca3ecd0697ec905edbad8045f728d5369762d3def5448999d071",
        "filename": "!mixinbooter-5.0.jar"
      },
      {
        "signature": "sha256:e6752973cf884f96fcd3835fe6c184b3b4180a27fd955ca07c561cf77e837dda",
        "filename": "foamfix-0.10.15-1.12.2.jar"
      },
      {
        "signature": "sha256:6259ea9218abf24d910f6e1c8a11f57c236a24a62dc5ec64c932ca8669ec1c45",
        "filename": "CableFlux-1.12.2-12.2.3-technic2.jar"
      },
      {
        "signature": "sha256:38916ec776cd666c54955150b96a9ec70d3dc6698d186228c3309dbae6eb7917",
        "filename": "IFPatcher-2.1.0.jar"
      },
      {
        "signature": "sha256:95b308516152c3baed15bf79468d2b6fe4ab315aa008e468335052d9965de564",
        "filename": "EntityDesyncFix-1.12.2-1.0.2.jar"
      },
      {
        "signature": "sha256:67c5e8d8e975172d838f765040130ea0f73ec7a590b4470217a2f5516fdc652b",
        "filename": "LunatriusCore-1.12.2-1.2.0.42-universal.jar"
      },
      {
        "signature": "sha256:8345e86d84cc38e8017fef9b20b1160b4a988637e14b8bcb5b817747d8e63570",
        "filename": "ProjectRed-1.12.2-4.9.4.120-Base.jar"
      },
      {
        "signature": "sha256:e201712ef8fadc6c4b6380939751e92fe32cad2ba2dcb717e1acb3b07e0c2125",
        "filename": "Guide-API-1.12-2.1.8-63.jar"
      },
      {
        "signature": "sha256:90785f14e5678ccbbf76b15cf2ea540fcfa9cbf5bdd17724830c805bce7553ed",
        "filename": "buildcraftfluxified-1.0.0.jar"
      },
      {
        "signature": "sha256:e684b9517e5e394af418e615c0484f4344a0c932b3ba404c511e98e60a297120",
        "filename": "WanionLib-1.12.2-2.9.jar"
      },
      {
        "signature": "sha256:a3cc25bd00e3d63724f667f569889001be461eb8f383c03b931104ec42833cd5",
        "filename": "HelpFixer-1.12.1-1.5.18.jar"
      },
      {
        "signature": "sha256:a8d563ca184eff4dd7491e5910accfe431c6a9d969cde5382a282bf29f63ba7f",
        "filename": "k4lib-1.12.1-2.1.81-universal.jar"
      },
      {
        "signature": "sha256:72678ce8e483488da933d5a15cb9b490d95b75337b9b115e1220d1a234f0909a",
        "filename": "AquaAcrobatics-1.15.0.jar"
      },
      {
        "signature": "sha256:6da4ff366330253e2fb4f6849ae0c81e4ddc9f6bd5814460ad9ecb63e9f65119",
        "filename": "FastLeafDecay-v14.jar"
      },
      {
        "signature": "sha256:ae202ce14141e695a90fbdb7b66f63facbac77c6a6b2d141f86d4c6d593f3d64",
        "filename": "Exchangers-1.12.2-2.10.1.jar"
      },
      {
        "signature": "sha256:659623f496dd457dd689c69dbd7a593453f65f78662a4af8dc624bfff33ee2eb",
        "filename": "ProjectRed-1.12.2-4.9.4.120-integration.jar"
      },
      {
        "signature": "sha256:1accbf33afff19bf37d27400e39cf0931b2306cbadf92e2c4e74fd81803b79f4",
        "filename": "HammerLib-1.12.2-2.0.6.32.jar"
      },
      {
        "signature": "sha256:e48f25469f1f1df6fe367de81e8fd334b5ddd5ba7a2e9b9cec10a20349ef6c05",
        "filename": "binnie-mods-1.12.2-2.5.1.205-technic.jar"
      },
      {
        "signature": "sha256:e0b90727cbe54a11fe568f3d60cd59d64ff3c14f82437e1d1c10b575886ab8a3",
        "filename": "iChunUtil-1.12.2-7.2.2.jar"
      },
      {
        "signature": "sha256:84fb9ebf5487f61e1e0562230835835351bdeda437f7fb10465249aa213a656d",
        "filename": "Charset-Crafting-0.5.6.6.jar"
      },
      {
        "signature": "sha256:cefd1124b24f8346de78f3f3722ab5c97c2a78f1b7cf59f465988c786be3b022",
        "filename": "loliasm-5.6.jar"
      },
      {
        "signature": "sha256:0f6bb099b89864419a75dad6ffcac0ad46d986135edab72b370a0207ed62882d",
        "filename": "logisticspipes-0.10.4.33.jar"
      },
      {
        "signature": "sha256:02c2f75cc0c6630195072bd2cd5878fb60cc0b6780d4fd6a3b0f7b1f3f8ea394",
        "filename": "ProjectRed-1.12.2-4.9.4.120-compat.jar"
      },
      {
        "signature": "sha256:6f74f0cc3223636bae0c2a6f61dabdf377df2e4bd73db62f12e9c2356492ae9c",
        "filename": "ProjectRed-1.12.2-4.9.4.120-fabrication.jar"
      },
      {
        "signature": "sha256:f7df4a095a08d74f553b6223d0059490cd2b9197b15e26721fbfbaf708e8290a",
        "filename": "badwithernocookiereloaded-1.12.2-3.4.18.jar"
      },
      {
        "signature": "sha256:b404308ac9518fb7ce762278ea2c3ae81ea42c7220e8c2373317da6c31dbb0e0",
        "filename": "OpenEye-1.12.2-0.8.jar"
      },
      {
        "signature": "sha256:ce28db33cfdca80c98dfbb2e5928a5f090477897fa6d28a37300d5564617fde2",
        "filename": "MCMultiPart-2.5.3.jar"
      },
      {
        "signature": "sha256:0ba50d6ec19a5c81fe3d59e5c2cbb45efbe895dabe7a1a08e8d11ba90862b7d2",
        "filename": "Debark-0.1.3.jar"
      },
      {
        "signature": "sha256:056736f67a1dcc64ca401fe5d55c4f6adfcaa866b3641113529b48847a90b18a",
        "filename": "BetterPingDisplay-1.12.2-1.0.jar"
      },
      {
        "signature": "sha256:fe16dc73b32420767cf6ef026e2ec29a1de8582494b8bd3739921f3967bd2f97",
        "filename": "ReachFix-1.12.2-1.0.6.jar"
      }
    ],
    "addedSignatures": [],
    "removedSignatures": [],
    "installedSignatures": [],
    "uninstalledSignatures": [],
    "workTime": 1116249.0,
    "language": "n/a",
    "locale": "en_NL",
    "timezone": "Europe/Berlin",
    "branding": [
      "Minecraft 1.12.2",
      "MCP 9.42",
      "LoliASM 5.6",
      "Powered by Forge 14.23.5.2860",
      "148 mods loaded, 148 mods active"
    ],
    "runtime": {
      "mcp": "MCP 9.42",
      "fml": "8.0.99.99",
      "forge": "14.23.5.2860"
    },
    "minecraft": "Minecraft 1.12.2",
    "javaVersion": "Oracle Corporation 1.8.0_351",
    "side": "server",
    "obfuscated": true,
    "type": "analytics"
  }
]